CustomerID,Age,Annual_Income,Spending_Score,Purchase_Frequency,Average_Order_Value,Recency_Days,Total_Spend,Cluster,Customer_Segment
C001,18,24012,27,5,785,124,3925,2,Regular Customers
C002,35,17848,38,8,565,33,4520,2,Regular Customers
C003,24,22623,36,11,554,101,6094,2,Regular Customers
C004,47,70713,58,17,3639,42,61863,3,Potential Customers
C005,60,70851,94,35,7962,6,278670,1,Premium Customers
C006,39,98221,100,46,5337,2,245502,1,Premium Customers
C007,26,67052,32,5,2152,101,10760,0,Low Value Customers
C008,54,36361,34,2,1630,165,3260,2,Regular Customers
C009,53,95203,92,29,4875,11,141375,1,Premium Customers
C010,49,53965,47,17,2213,29,37621,3,Potential Customers
C011,49,117819,75,48,7410,4,355680,1,Premium Customers
C012,57,79358,89,35,8875,12,310625,1,Premium Customers
C013,30,65294,57,18,4421,49,79578,3,Potential Customers
C014,46,56252,69,11,2738,57,30118,3,Potential Customers
C015,28,28145,28,3,932,146,2796,2,Regular Customers
C016,41,135435,82,54,5670,5,306180,1,Premium Customers
C017,32,71789,62,18,4194,32,75492,3,Potential Customers
C018,43,48746,18,8,686,102,5488,0,Low Value Customers
C019,22,20242,45,12,1364,106,16368,2,Regular Customers
C020,30,27504,39,9,1583,62,14247,2,Regular Customers
C021,21,32595,44,6,1196,44,7176,2,Regular Customers
C022,48,90730,84,25,6657,9,166425,1,Premium Customers
C023,41,41973,65,19,4417,37,83923,3,Potential Customers
C024,29,59504,69,15,4009,54,60135,3,Potential Customers
C025,28,31010,20,3,1243,142,3729,2,Regular Customers
C026,42,77592,77,30,5201,12,156030,3,Potential Customers
C027,24,89822,18,3,1851,211,5553,0,Low Value Customers
C028,33,69581,64,23,2667,39,61341,3,Potential Customers
C029,47,55428,57,30,3329,33,99870,3,Potential Customers
C030,27,52493,24,2,1192,95,2384,0,Low Value Customers
C031,43,49432,45,12,4384,8,52608,3,Potential Customers
C032,27,37058,55,12,3905,20,46860,3,Potential Customers
C033,56,133624,76,59,5583,12,329397,1,Premium Customers
C034,35,81993,36,4,693,114,2772,0,Low Value Customers
C035,42,75519,36,8,2269,103,18152,0,Low Value Customers
C036,19,28193,43,7,723,61,5061,2,Regular Customers
C037,31,70146,59,14,3528,16,49392,3,Potential Customers
C038,49,102742,97,29,8130,13,235770,1,Premium Customers
C039,19,32713,20,3,984,51,2952,2,Regular Customers
C040,51,83092,23,7,2348,105,16436,0,Low Value Customers
C041,37,35141,57,18,3663,23,65934,3,Potential Customers
C042,55,83788,19,4,1107,145,4428,0,Low Value Customers
C043,35,16997,43,7,617,36,4319,2,Regular Customers
C044,52,89615,20,1,2467,220,2467,0,Low Value Customers
C045,23,17245,39,3,981,81,2943,2,Regular Customers
C046,25,33970,39,2,1768,40,3536,2,Regular Customers
C047,57,88522,30,5,918,170,4590,0,Low Value Customers
C048,33,60938,49,30,3028,34,90840,3,Potential Customers
C049,64,79508,70,54,9588,10,517752,3,Potential Customers
C050,20,32617,26,10,1043,46,10430,2,Regular Customers
C051,63,79016,98,40,7527,5,301080,1,Premium Customers
C052,39,70600,67,19,4305,56,81795,3,Potential Customers
C053,35,24810,41,3,775,63,2325,2,Regular Customers
C054,21,33128,24,6,1077,107,6462,2,Regular Customers
C055,47,57471,51,30,2881,37,86430,3,Potential Customers
C056,36,26658,15,7,2198,160,15386,2,Regular Customers
C057,18,25929,44,4,1036,50,4144,2,Regular Customers
C058,55,76057,45,1,729,109,729,0,Low Value Customers
C059,42,37361,56,28,4063,14,113764,3,Potential Customers
C060,28,25482,29,6,2341,100,14046,2,Regular Customers
C061,41,102706,91,31,7397,13,229307,1,Premium Customers
C062,59,40257,25,3,2499,135,7497,2,Regular Customers
C063,21,43509,31,7,2142,153,14994,2,Regular Customers
C064,40,84168,82,27,8355,4,225585,1,Premium Customers
C065,51,65166,56,19,2732,19,51908,3,Potential Customers
C066,24,28056,30,6,642,128,3852,2,Regular Customers
C067,46,136768,82,59,7212,1,425508,1,Premium Customers
C068,26,20851,38,6,578,43,3468,2,Regular Customers
C069,42,61114,37,2,1288,237,2576,0,Low Value Customers
C070,33,37908,67,23,1806,38,41538,3,Potential Customers
C071,36,63265,47,20,4352,25,87040,3,Potential Customers
C072,27,31617,29,12,1336,71,16032,2,Regular Customers
C073,38,36683,22,7,1861,187,13027,2,Regular Customers
C074,44,72296,54,22,4044,58,88968,3,Potential Customers
C075,27,24401,26,8,1687,107,13496,2,Regular Customers
C076,49,127905,84,38,8687,8,330106,1,Premium Customers
C077,46,40557,54,26,4392,44,114192,3,Potential Customers
C078,37,100784,91,44,6340,13,278960,1,Premium Customers
C079,29,36600,46,17,3746,44,63682,2,Regular Customers
C080,32,28580,40,11,898,121,9878,2,Regular Customers
C081,51,72383,25,3,1843,91,5529,0,Low Value Customers
C082,31,22170,25,10,1451,36,14510,2,Regular Customers
C083,54,42953,59,14,3703,47,51842,3,Potential Customers
C084,65,128008,89,57,7995,14,455715,1,Premium Customers
C085,30,82216,38,5,2039,153,10195,0,Low Value Customers
C086,59,138327,85,40,6749,8,269960,1,Premium Customers
C087,27,22683,28,7,1154,144,8078,2,Regular Customers
C088,22,19942,27,8,812,120,6496,2,Regular Customers
C089,27,62188,58,20,4022,34,80440,3,Potential Customers
C090,23,47110,36,7,2353,239,16471,2,Regular Customers
C091,30,30629,20,7,1111,126,7777,2,Regular Customers
C092,46,48906,41,4,1058,201,4232,2,Regular Customers
C093,21,70968,31,7,1983,132,13881,0,Low Value Customers
C094,28,23534,35,1,671,199,671,2,Regular Customers
C095,52,65257,50,11,2865,29,31515,3,Potential Customers
C096,41,129598,80,46,7605,5,349830,1,Premium Customers
C097,36,30735,40,1,2034,228,2034,2,Regular Customers
C098,29,22347,40,3,582,126,1746,2,Regular Customers
C099,25,21532,20,11,812,60,8932,2,Regular Customers
C100,40,42496,63,16,3704,49,59264,3,Potential Customers
C101,59,118351,75,32,5841,5,186912,1,Premium Customers
C102,18,25222,38,12,1268,80,15216,2,Regular Customers
C103,27,73803,67,30,2794,11,83820,3,Potential Customers
C104,62,148697,95,32,9136,13,292352,1,Premium Customers
C105,29,32456,33,12,1258,38,15096,2,Regular Customers
C106,35,125057,96,56,5364,7,300384,1,Premium Customers
C107,55,130258,92,34,8067,3,274278,1,Premium Customers
C108,54,140539,94,55,8308,7,456940,1,Premium Customers
C109,45,102177,96,30,6784,15,203520,1,Premium Customers
C110,35,80910,46,7,1188,97,8316,0,Low Value Customers
C111,40,43834,41,4,1226,156,4904,2,Regular Customers
C112,43,148139,92,42,9053,1,380226,1,Premium Customers
C113,27,50817,68,23,3801,40,87423,3,Potential Customers
C114,47,66201,65,25,3635,55,90875,3,Potential Customers
C115,20,24641,27,8,998,69,7984,2,Regular Customers
C116,50,142544,86,47,7985,12,375295,1,Premium Customers
C117,46,129473,78,44,6559,4,288596,1,Premium Customers
C118,24,25339,23,10,879,54,8790,2,Regular Customers
C119,48,66732,53,28,3948,43,110544,3,Potential Customers
C120,38,95443,79,39,7456,3,290784,1,Premium Customers
C121,35,140010,74,42,4872,1,204624,1,Premium Customers
C122,57,86551,90,56,5340,14,299040,1,Premium Customers
C123,27,30381,35,9,1197,53,10773,2,Regular Customers
C124,26,30654,23,3,1320,92,3960,2,Regular Customers
C125,19,19971,24,11,1122,40,12342,2,Regular Customers
C126,28,71573,69,23,4283,43,98509,3,Potential Customers
C127,49,69247,57,24,3613,24,86712,3,Potential Customers
C128,39,27894,49,2,2440,143,4880,2,Regular Customers
C129,33,40320,50,17,2511,40,42687,3,Potential Customers
C130,23,15087,33,9,1716,90,15444,2,Regular Customers
C131,36,100340,79,43,8219,2,353417,1,Premium Customers
C132,54,52337,70,30,4215,47,126450,3,Potential Customers
C133,38,42521,62,17,4452,14,75684,3,Potential Customers
C134,61,88643,72,28,5859,13,164052,1,Premium Customers
C135,54,144607,99,43,8097,2,348171,1,Premium Customers
C136,39,72757,27,8,1396,110,11168,0,Low Value Customers
C137,31,25561,39,6,552,41,3312,2,Regular Customers
C138,55,72696,63,10,2903,41,29030,3,Potential Customers
C139,23,30417,36,12,1405,147,16860,2,Regular Customers
C140,40,146720,83,56,5247,8,293832,1,Premium Customers
C141,48,113687,80,31,5817,6,180327,1,Premium Customers
C142,51,57777,35,1,1431,112,1431,0,Low Value Customers
C143,43,112372,73,50,8715,14,435750,1,Premium Customers
C144,35,30138,33,2,884,96,1768,2,Regular Customers
C145,54,135338,90,53,4922,4,260866,1,Premium Customers
C146,52,87172,99,43,8089,15,347827,1,Premium Customers
C147,27,23783,50,4,1953,130,7812,2,Regular Customers
C148,52,71792,87,51,5263,4,268413,1,Premium Customers
C149,32,18849,40,4,1520,149,6080,2,Regular Customers
C150,51,105838,83,55,8368,4,460240,1,Premium Customers
C151,55,38958,34,4,2387,243,9548,2,Regular Customers
C152,52,39575,53,23,3192,55,73416,3,Potential Customers
C153,61,70336,79,44,9308,10,409552,3,Potential Customers
C154,29,78529,44,8,1206,175,9648,0,Low Value Customers
C155,49,62176,22,4,1671,188,6684,0,Low Value Customers
C156,52,61920,46,20,3737,50,74740,3,Potential Customers
C157,44,39936,41,1,758,218,758,2,Regular Customers
C158,62,83154,97,53,5316,9,281748,1,Premium Customers
C159,20,38894,36,3,653,210,1959,2,Regular Customers
C160,45,122098,90,30,7191,14,215730,1,Premium Customers
C161,40,83956,44,1,1764,107,1764,0,Low Value Customers
C162,45,53833,52,12,3577,11,42924,3,Potential Customers
C163,32,20451,42,6,559,35,3354,2,Regular Customers
C164,60,77355,79,47,7570,7,355790,3,Potential Customers
C165,32,69810,58,28,2537,15,71036,3,Potential Customers
C166,27,74943,57,29,2786,36,80794,3,Potential Customers
C167,32,65221,65,18,3682,21,66276,3,Potential Customers
C168,32,24425,41,10,823,39,8230,2,Regular Customers
C169,42,59210,50,7,1913,154,13391,3,Potential Customers
C170,39,46111,34,8,718,150,5744,2,Regular Customers
C171,56,67049,46,5,1932,165,9660,3,Potential Customers
C172,30,23994,20,11,600,146,6600,2,Regular Customers
C173,38,50162,48,6,948,138,5688,3,Potential Customers
C174,56,87927,90,31,9640,11,298840,1,Premium Customers
C175,27,29444,21,11,1247,123,13717,2,Regular Customers
C176,27,54340,55,23,2519,17,57937,3,Potential Customers
C177,50,70350,56,26,3855,22,100230,3,Potential Customers
C178,33,66578,70,19,3187,56,60553,3,Potential Customers
C179,32,17467,24,5,1313,138,6565,2,Regular Customers
C180,37,121717,70,41,8895,2,364695,1,Premium Customers
C181,43,54362,47,7,2184,185,15288,3,Potential Customers
C182,25,30449,20,11,1649,71,18139,2,Regular Customers
C183,45,39142,65,24,3037,46,72888,3,Potential Customers
C184,27,38320,12,1,1123,216,1123,2,Regular Customers
C185,21,22693,37,4,1295,88,5180,2,Regular Customers
C186,56,140804,83,34,7898,11,268532,1,Premium Customers
C187,33,28373,28,2,1258,57,2516,2,Regular Customers
C188,48,50947,33,2,1904,184,3808,0,Low Value Customers
C189,36,122184,78,37,5500,14,203500,1,Premium Customers
C190,25,47801,50,1,603,175,603,3,Potential Customers
C191,29,72000,51,12,4070,18,48840,3,Potential Customers
C192,51,50269,55,14,4241,5,59374,3,Potential Customers
C193,62,88964,74,59,6553,13,386627,1,Premium Customers
C194,28,36689,49,10,3267,55,32670,3,Potential Customers
C195,43,56218,45,15,2886,8,43290,3,Potential Customers
C196,48,62588,61,13,2060,35,26780,3,Potential Customers
C197,43,87271,47,2,1425,218,2850,0,Low Value Customers
C198,55,37841,68,26,3035,34,78910,3,Potential Customers
C199,19,30695,32,8,721,92,5768,2,Regular Customers
C200,24,30589,30,3,634,122,1902,2,Regular Customers
C201,54,146724,87,45,7620,10,342900,1,Premium Customers
C202,49,136263,89,52,5312,13,276224,1,Premium Customers
C203,35,22045,33,9,967,82,8703,2,Regular Customers
C204,61,129441,82,51,5278,6,269178,1,Premium Customers
C205,40,53408,33,3,1906,211,5718,0,Low Value Customers
C206,20,17797,22,8,697,125,5576,2,Regular Customers
C207,60,87054,87,28,9304,9,260512,1,Premium Customers
C208,56,86021,83,47,9950,13,467650,1,Premium Customers
C209,23,57700,48,5,1220,116,6100,3,Potential Customers
C210,29,66600,52,13,3234,59,42042,3,Potential Customers
C211,38,106512,88,39,8015,14,312585,1,Premium Customers
C212,26,15948,25,6,1132,147,6792,2,Regular Customers
C213,46,70800,75,34,9139,11,310726,3,Potential Customers
C214,24,38595,50,1,687,225,687,3,Potential Customers
C215,37,62514,59,20,2444,28,48880,3,Potential Customers
C216,58,112517,94,30,4930,3,147900,1,Premium Customers
C217,49,38261,66,12,2914,33,34968,3,Potential Customers
C218,51,77939,36,5,941,221,4705,0,Low Value Customers
C219,29,29087,23,6,1714,92,10284,2,Regular Customers
C220,36,98903,82,28,4562,4,127736,1,Premium Customers
C221,65,97686,94,33,6593,5,217569,1,Premium Customers
C222,38,71013,85,52,5939,3,308828,3,Potential Customers
C223,54,50161,42,6,647,191,3882,3,Potential Customers
C224,31,15614,34,3,1141,103,3423,2,Regular Customers
C225,56,73008,50,7,1092,119,7644,3,Potential Customers
C226,21,62568,20,8,2203,182,17624,0,Low Value Customers
C227,31,18468,27,8,1706,81,13648,2,Regular Customers
C228,30,25167,43,7,953,72,6671,2,Regular Customers
C229,27,68455,65,13,3973,37,51649,3,Potential Customers
C230,53,57896,56,30,2404,20,72120,3,Potential Customers
C231,22,23387,26,4,1733,49,6932,2,Regular Customers
C232,23,31191,34,11,1686,87,18546,2,Regular Customers
C233,62,111436,74,53,5059,8,268127,1,Premium Customers
C234,60,59691,27,1,1220,219,1220,0,Low Value Customers
C235,27,30130,34,2,616,77,1232,2,Regular Customers
C236,37,81835,89,57,7649,8,435993,1,Premium Customers
C237,32,33732,40,5,1158,107,5790,2,Regular Customers
C238,52,39773,13,8,711,177,5688,2,Regular Customers
C239,34,20654,21,5,1396,86,6980,2,Regular Customers
C240,36,59435,54,22,3474,54,76428,3,Potential Customers
C241,56,148366,71,46,5039,6,231794,1,Premium Customers
C242,35,27666,29,6,1734,141,10404,2,Regular Customers
C243,35,40341,63,14,3232,24,45248,3,Potential Customers
C244,28,31104,29,7,1817,174,12719,2,Regular Customers
C245,46,69497,47,30,3534,37,106020,3,Potential Customers
C246,35,117526,79,36,6254,6,225144,1,Premium Customers
C247,32,49693,18,3,658,165,1974,0,Low Value Customers
C248,34,32687,43,10,577,114,5770,2,Regular Customers
C249,63,87176,89,49,5763,3,282387,1,Premium Customers
C250,51,45848,68,24,1978,31,47472,3,Potential Customers
C251,56,101133,84,43,8177,4,351611,1,Premium Customers
C252,34,65737,51,21,4136,33,86856,3,Potential Customers
C253,38,70052,42,7,2478,131,17346,0,Low Value Customers
C254,50,74627,49,18,2013,46,36234,3,Potential Customers
C255,43,33446,43,2,1083,111,2166,2,Regular Customers
C256,33,64446,61,14,3591,10,50274,3,Potential Customers
C257,51,64565,56,10,3499,8,34990,3,Potential Customers
C258,52,69015,25,7,667,185,4669,0,Low Value Customers
C259,25,55885,48,30,3173,55,95190,3,Potential Customers
C260,29,37510,54,25,2368,53,59200,3,Potential Customers
C261,48,20688,15,1,1024,145,1024,2,Regular Customers
C262,42,74903,61,23,2255,54,51865,3,Potential Customers
C263,42,109472,73,28,6453,7,180684,1,Premium Customers
C264,24,34530,41,1,1794,221,1794,2,Regular Customers
C265,47,44409,54,23,1806,44,41538,3,Potential Customers
C266,42,144798,83,36,9942,11,357912,1,Premium Customers
C267,34,26816,22,10,1614,94,16140,2,Regular Customers
C268,30,30405,21,12,1292,77,15504,2,Regular Customers
C269,58,72128,81,29,7324,4,212396,3,Potential Customers
C270,28,19371,21,7,1618,73,11326,2,Regular Customers
C271,51,65449,67,25,4387,16,109675,3,Potential Customers
C272,27,64994,46,19,2625,7,49875,3,Potential Customers
C273,53,37746,55,19,3911,30,74309,3,Potential Customers
C274,36,24799,22,5,1231,102,6155,2,Regular Customers
C275,43,86315,95,48,8079,15,387792,1,Premium Customers
C276,48,70678,31,3,1516,217,4548,0,Low Value Customers
C277,64,138062,78,30,7977,2,239310,1,Premium Customers
C278,58,43652,44,5,1157,116,5785,2,Regular Customers
C279,28,24687,29,9,1734,121,15606,2,Regular Customers
C280,30,78183,32,8,586,180,4688,0,Low Value Customers
C281,37,27518,14,7,1244,221,8708,2,Regular Customers
C282,55,37040,49,29,3594,7,104226,3,Potential Customers
C283,27,50466,69,30,3300,28,99000,3,Potential Customers
C284,56,24244,48,3,1890,205,5670,2,Regular Customers
C285,46,128188,94,29,9201,3,266829,1,Premium Customers
C286,47,111207,90,42,6544,2,274848,1,Premium Customers
C287,23,31352,36,8,1650,45,13200,2,Regular Customers
C288,59,104116,92,53,6257,10,331621,1,Premium Customers
C289,57,134382,76,32,5611,14,179552,1,Premium Customers
C290,32,20657,42,9,679,133,6111,2,Regular Customers
C291,56,115537,92,29,9005,9,261145,1,Premium Customers
C292,63,109315,97,35,9724,3,340340,1,Premium Customers
C293,51,99391,73,37,5637,4,208569,1,Premium Customers
C294,21,67303,45,6,1457,231,8742,3,Potential Customers
C295,44,40650,47,19,3430,50,65170,3,Potential Customers
C296,53,73843,36,2,756,171,1512,0,Low Value Customers
C297,32,30264,41,10,1205,46,12050,2,Regular Customers
C298,49,43456,58,26,2026,58,52676,3,Potential Customers
C299,34,20014,29,4,831,71,3324,2,Regular Customers
C300,36,69006,54,12,2826,17,33912,3,Potential Customers
C301,39,109691,89,59,5265,9,310635,1,Premium Customers
C302,43,73053,49,15,4498,44,67470,3,Potential Customers
C303,61,143874,71,26,5165,1,134290,1,Premium Customers
C304,55,97631,94,51,9563,11,487713,1,Premium Customers
C305,33,32877,29,12,1118,91,13416,2,Regular Customers
C306,50,61613,54,24,2098,49,50352,3,Potential Customers
C307,23,29404,33,9,1451,56,13059,2,Regular Customers
C308,54,88830,80,45,7329,7,329805,1,Premium Customers
C309,49,59283,61,27,2234,25,60318,3,Potential Customers
C310,39,43029,53,24,2815,14,67560,3,Potential Customers
C311,19,24509,32,11,1356,61,14916,2,Regular Customers
C312,51,56458,63,20,2577,53,51540,3,Potential Customers
C313,40,68733,59,25,3063,36,76575,3,Potential Customers
C314,20,27885,36,9,993,57,8937,2,Regular Customers
C315,36,76624,79,56,9394,15,526064,3,Potential Customers
C316,38,21071,16,7,774,157,5418,2,Regular Customers
C317,59,122855,81,27,7781,1,210087,1,Premium Customers
C318,36,71256,54,12,3382,37,40584,3,Potential Customers
C319,55,56663,49,2,763,114,1526,3,Potential Customers
C320,43,64444,45,6,2046,126,12276,3,Potential Customers
C321,44,68365,57,26,1964,7,51064,3,Potential Customers
C322,22,25913,45,9,1563,88,14067,2,Regular Customers
C323,44,68784,49,20,4311,25,86220,3,Potential Customers
C324,37,54610,63,20,3877,58,77540,3,Potential Customers
C325,56,59294,40,1,1254,174,1254,0,Low Value Customers
C326,31,34126,29,12,554,106,6648,2,Regular Customers
C327,36,49824,13,8,849,224,6792,0,Low Value Customers
C328,29,51745,12,2,890,94,1780,0,Low Value Customers
C329,40,74890,19,7,1914,142,13398,0,Low Value Customers
C330,52,81814,13,3,1562,143,4686,0,Low Value Customers
C331,56,132701,86,49,7070,3,346430,1,Premium Customers
C332,54,64869,44,6,1884,157,11304,3,Potential Customers
C333,32,52311,27,5,960,166,4800,0,Low Value Customers
C334,57,97168,92,56,7097,8,397432,1,Premium Customers
C335,52,105842,79,32,9197,11,294304,1,Premium Customers
C336,45,65237,19,5,586,163,2930,0,Low Value Customers
C337,29,29495,40,6,1481,57,8886,2,Regular Customers
C338,51,70296,53,27,2912,13,78624,3,Potential Customers
C339,25,22944,21,12,1587,58,19044,2,Regular Customers
C340,26,41566,58,20,3734,11,74680,3,Potential Customers
C341,25,71067,50,23,4474,35,102902,3,Potential Customers
C342,32,57649,30,5,1822,105,9110,0,Low Value Customers
C343,25,32535,43,2,858,83,1716,2,Regular Customers
C344,54,37381,57,25,2563,52,64075,3,Potential Customers
C345,63,74910,70,44,9152,10,402688,3,Potential Customers
C346,28,24324,34,12,1612,97,19344,2,Regular Customers
C347,28,86088,39,5,894,118,4470,0,Low Value Customers
C348,40,130150,90,41,6025,1,247025,1,Premium Customers
C349,60,108669,88,37,5937,10,219669,1,Premium Customers
C350,47,87538,30,2,1320,114,2640,0,Low Value Customers
C351,29,66290,55,17,1827,21,31059,3,Potential Customers
C352,35,78554,27,6,1118,239,6708,0,Low Value Customers
C353,26,26781,42,5,627,115,3135,2,Regular Customers
C354,32,25053,25,8,1529,148,12232,2,Regular Customers
C355,57,85389,90,43,7510,10,322930,1,Premium Customers
C356,32,43753,60,14,3663,52,51282,3,Potential Customers
C357,48,141989,99,55,8903,13,489665,1,Premium Customers
C358,49,51217,66,29,2135,38,61915,3,Potential Customers
C359,53,67419,14,2,626,230,1252,0,Low Value Customers
C360,43,70170,49,15,3143,59,47145,3,Potential Customers
C361,27,46922,47,8,686,220,5488,3,Potential Customers
C362,23,79432,18,7,1435,234,10045,0,Low Value Customers
C363,35,30151,41,6,544,80,3264,2,Regular Customers
C364,61,70395,93,38,9237,2,351006,1,Premium Customers
C365,31,26289,42,3,1608,37,4824,2,Regular Customers
C366,33,16039,29,8,868,128,6944,2,Regular Customers
C367,49,62548,56,22,3637,60,80014,3,Potential Customers
C368,44,30518,44,3,1838,179,5514,2,Regular Customers
C369,23,32604,32,10,760,123,7600,2,Regular Customers
C370,51,35227,69,10,3022,34,30220,3,Potential Customers
C371,54,69712,24,4,1443,178,5772,0,Low Value Customers
C372,33,47352,68,13,1931,56,25103,3,Potential Customers
C373,59,22050,25,4,637,115,2548,2,Regular Customers
C374,32,34588,41,2,1001,124,2002,2,Regular Customers
C375,30,29383,27,10,944,126,9440,2,Regular Customers
C376,22,31511,29,5,1679,70,8395,2,Regular Customers
C377,42,109552,98,34,9908,9,336872,1,Premium Customers
C378,38,54693,53,11,4080,42,44880,3,Potential Customers
C379,45,62997,62,25,1992,27,49800,3,Potential Customers
C380,53,61777,36,7,805,166,5635,0,Low Value Customers
C381,31,82065,25,4,1115,126,4460,0,Low Value Customers
C382,23,74090,36,3,1295,152,3885,0,Low Value Customers
C383,41,113288,90,30,8184,14,245520,1,Premium Customers
C384,37,140206,93,37,4922,5,182114,1,Premium Customers
C385,58,25183,14,4,2147,240,8588,2,Regular Customers
C386,40,48689,55,19,1862,18,35378,3,Potential Customers
C387,55,42688,68,25,2793,49,69825,3,Potential Customers
C388,37,50684,62,20,2959,29,59180,3,Potential Customers
C389,54,67088,29,5,1236,221,6180,0,Low Value Customers
C390,49,32924,40,6,2372,142,14232,2,Regular Customers
C391,45,124254,71,39,5695,1,222105,1,Premium Customers
C392,52,146550,88,51,6918,3,352818,1,Premium Customers
C393,35,50074,57,28,2806,36,78568,3,Potential Customers
C394,43,134044,100,56,8275,3,463400,1,Premium Customers
C395,40,88344,93,59,8500,3,501500,1,Premium Customers
C396,34,16108,22,12,599,127,7188,2,Regular Customers
C397,31,19505,40,5,639,120,3195,2,Regular Customers
C398,25,49334,61,24,3328,8,79872,3,Potential Customers
C399,51,22061,10,7,524,94,3668,2,Regular Customers
C400,52,107576,70,57,8027,13,457539,1,Premium Customers
C401,28,41312,61,14,2787,17,39018,3,Potential Customers
C402,61,116457,78,50,5147,6,257350,1,Premium Customers
C403,49,51877,24,5,1900,110,9500,0,Low Value Customers
C404,20,28280,32,8,1631,90,13048,2,Regular Customers
C405,18,20615,22,9,1388,112,12492,2,Regular Customers
C406,53,82499,98,58,4848,4,281184,1,Premium Customers
C407,53,72144,60,18,1990,9,35820,3,Potential Customers
C408,63,141176,88,27,5969,15,161163,1,Premium Customers
C409,35,97152,88,34,7762,15,263908,1,Premium Customers
C410,27,20323,38,5,1660,136,8300,2,Regular Customers
C411,54,63480,34,3,2118,110,6354,0,Low Value Customers
C412,36,82803,83,39,5122,6,199758,1,Premium Customers
C413,40,23883,50,5,2104,205,10520,2,Regular Customers
C414,34,66636,45,7,1384,137,9688,3,Potential Customers
C415,25,58715,25,2,668,158,1336,0,Low Value Customers
C416,37,45110,68,22,3097,28,68134,3,Potential Customers
C417,20,15170,29,9,1237,127,11133,2,Regular Customers
C418,38,87367,72,36,8030,8,289080,1,Premium Customers
C419,26,23442,15,6,1635,113,9810,2,Regular Customers
C420,62,120493,70,43,7889,7,339227,1,Premium Customers
C421,35,22954,38,10,847,117,8470,2,Regular Customers
C422,30,38198,27,5,1049,216,5245,2,Regular Customers
C423,27,45958,58,18,3524,24,63432,3,Potential Customers
C424,24,67333,26,4,1976,250,7904,0,Low Value Customers
C425,58,45630,39,2,777,167,1554,2,Regular Customers
C426,30,25886,39,8,1174,86,9392,2,Regular Customers
C427,48,147908,74,44,7126,10,313544,1,Premium Customers
C428,40,55590,50,22,3107,23,68354,3,Potential Customers
C429,56,51775,30,7,1074,190,7518,0,Low Value Customers
C430,38,143905,76,59,5973,11,352407,1,Premium Customers
C431,32,21869,34,6,641,134,3846,2,Regular Customers
C432,51,38242,50,5,995,154,4975,3,Potential Customers
C433,47,62730,70,22,2102,33,46244,3,Potential Customers
C434,57,72534,44,7,1613,99,11291,0,Low Value Customers
C435,57,140373,89,30,5395,13,161850,1,Premium Customers
C436,46,58265,50,30,4309,7,129270,3,Potential Customers
C437,41,76420,16,1,701,156,701,0,Low Value Customers
C438,41,68999,62,28,4156,19,116368,3,Potential Customers
C439,43,71266,39,3,1206,96,3618,0,Low Value Customers
C440,26,58722,36,2,737,126,1474,0,Low Value Customers
C441,44,114966,84,38,8768,8,333184,1,Premium Customers
C442,50,82795,84,53,7112,2,376936,1,Premium Customers
C443,36,85084,70,46,9808,2,451168,3,Potential Customers
C444,54,50985,61,15,4060,15,60900,3,Potential Customers
C445,52,125885,100,54,6399,13,345546,1,Premium Customers
C446,60,44176,21,7,1310,97,9170,2,Regular Customers
C447,39,73810,58,22,1818,50,39996,3,Potential Customers
C448,31,53241,69,12,4164,11,49968,3,Potential Customers
C449,36,56363,51,24,2266,21,54384,3,Potential Customers
C450,53,61078,48,7,1751,190,12257,3,Potential Customers
C451,29,26533,34,11,853,134,9383,2,Regular Customers
C452,64,147354,72,33,7065,2,233145,1,Premium Customers
C453,34,42664,50,21,2379,37,49959,3,Potential Customers
C454,46,38070,46,7,1366,137,9562,2,Regular Customers
C455,60,42706,45,3,1502,163,4506,3,Potential Customers
C456,30,55616,59,29,2019,60,58551,3,Potential Customers
C457,65,71256,85,33,6098,14,201234,3,Potential Customers
C458,55,86248,41,7,1902,215,13314,0,Low Value Customers
C459,48,84054,20,2,1657,97,3314,0,Low Value Customers
C460,34,37142,53,17,4002,23,68034,3,Potential Customers
C461,49,64971,63,25,4051,37,101275,3,Potential Customers
C462,21,23778,44,10,1251,99,12510,2,Regular Customers
C463,32,32902,26,8,709,124,5672,2,Regular Customers
C464,34,37112,59,18,3227,60,58086,3,Potential Customers
C465,32,18846,44,5,929,133,4645,2,Regular Customers
C466,62,149988,90,52,5859,10,304668,1,Premium Customers
C467,50,48541,51,11,4135,27,45485,3,Potential Customers
C468,54,140617,75,45,6897,5,310365,1,Premium Customers
C469,65,137425,98,31,5610,13,173910,1,Premium Customers
C470,23,56349,18,3,1011,127,3033,0,Low Value Customers
C471,61,102447,94,50,8509,3,425450,1,Premium Customers
C472,55,124293,82,53,5118,11,271254,1,Premium Customers
C473,30,31895,43,6,1255,88,7530,2,Regular Customers
C474,40,20324,15,8,1800,181,14400,2,Regular Customers
C475,35,28032,26,8,933,93,7464,2,Regular Customers
C476,45,107171,80,60,9234,3,554040,1,Premium Customers
C477,41,26345,12,2,1782,207,3564,2,Regular Customers
C478,21,20176,34,9,501,84,4509,2,Regular Customers
C479,47,43645,65,19,2451,60,46569,3,Potential Customers
C480,37,117242,78,30,7546,11,226380,1,Premium Customers
C481,26,60974,65,19,2759,32,52421,3,Potential Customers
C482,21,15035,26,9,659,46,5931,2,Regular Customers
C483,41,64167,45,10,3207,57,32070,3,Potential Customers
C484,31,19331,35,3,968,79,2904,2,Regular Customers
C485,21,18381,30,7,1112,47,7784,2,Regular Customers
C486,28,38724,14,1,1749,132,1749,2,Regular Customers
C487,42,47925,50,3,2383,195,7149,3,Potential Customers
C488,33,31362,16,3,2041,121,6123,2,Regular Customers
C489,42,76280,30,3,1007,160,3021,0,Low Value Customers
C490,25,33133,39,11,1744,66,19184,2,Regular Customers
C491,27,21732,36,11,1543,54,16973,2,Regular Customers
C492,38,27152,25,8,1290,118,10320,2,Regular Customers
C493,40,73923,47,26,1849,28,48074,3,Potential Customers
C494,39,120703,97,51,7493,9,382143,1,Premium Customers
C495,49,65868,69,12,1868,42,22416,3,Potential Customers
C496,18,23591,26,2,623,131,1246,2,Regular Customers
C497,52,57550,50,7,1367,192,9569,3,Potential Customers
C498,35,32617,39,4,1068,40,4272,2,Regular Customers
C499,37,137017,99,38,5772,9,219336,1,Premium Customers
C500,47,146865,90,29,7040,12,204160,1,Premium Customers
